pro_name,act_price,dis_price,product_attr
Blue collar series 5 full set,3594,3594,Size:Single|qty:7
1968 ford mustang gt,1899,1499,Size:Single|qty:0
Tokyo torque series 5 ,3594,3594,Size:Single|qty:0
Brian\\\'s nissan skyline gtr ,7399,5899,Size:Single|qty:0
Sd trucks series 6,4197,4197,Size:Single|qty:0
Kenworth t2000 transporter,2199,2199,Size:Single|qty:2
1955 cadillac fleetwood,1899,1899,Size:Single|qty:7
"Graveyard carz, season 5 ",1899,1899,Size:Single|qty:9
1978 ford mustang king kobra,1899,1899,Size:Single|qty:5
1977 pontiac firebird trans am,6399,6399,Size:Single|qty:2
1978 tego\\\'s pontiac firedbird,6399,4999,Size:Single|qty:4
2019 mack anthem truck cab,1399,1399,Size:Single|qty:3
2019 granite dump truck,1399,1399,Size:Single|qty:3
2019 mack lr refuse ,1399,1399,Size:Single|qty:4
Smokey and the bandit 2,599,599,Size:Single|qty:0
Gulf livery 1970 datsun 240 z,2799,2099,Size:Single|qty:1
Takuma sato,649,649,Size:Single|qty:19
1968 volkswagen type 3 squareback,599,599,Size:Single|qty:6
1955 chevrolet two-ten handyman,599,599,Size:Single|qty:2
Ford f-350 lariat,599,599,Size:Single|qty:0
1972 datsun 510,599,599,Size:Single|qty:0
1970 datsun 510,599,599,Size:Single|qty:3
1972 nissan skyline 2000 gt-r,599,599,Size:Single|qty:5
1973 datsun 240z,599,599,Size:Single|qty:1
2001 nissan skyline gt-r,599,599,Size:Single|qty:4
2015 nissan gt-r ,599,599,Size:Single|qty:6
1955 chevrolet sedan delivery,599,599,Size:Single|qty:19
1966 volkswagon type 3,599,599,Size:Single|qty:0
1963 dodge d-100,599,599,Size:Single|qty:5
2018 nissan titan xd pro-4x,599,599,Size:Single|qty:6
1983 gmc vandura,599,599,Size:Single|qty:0
1977 ford f-100,599,599,Size:Single|qty:5
Ant- man character car,299,299,Size:Single|qty:0
Captain america,299,299,Size:Single|qty:6
Iron man first appearance,299,299,Size:Single|qty:0
Iron man marvel avengers,299,299,Size:Single|qty:0
Hulk marvel avengers,299,299,Size:Single|qty:4
War machines marvel avengers,299,299,Size:Single|qty:0
Ronin marvel avengers,299,299,Size:Single|qty:0
Black widow marvel avengers,299,299,Size:Single|qty:0
Mera ship dc entertainment,399,399,Size:Single|qty:4
Justice league batmobile,399,399,Size:Single|qty:11
The bat replica entertainment,399,399,Size:Single|qty:1
Batwing replica entertainment,399,399,Size:Single|qty:3
Black manta submarine,399,399,Size:Single|qty:3
Batmobile replica entertainment,399,399,Size:Single|qty:11
Acura nsx gt3,399,399,Size:Single|qty:0
Back to the future - 1955,399,399,Size:Single|qty:0
Ford super de luxe,399,399,Size:Single|qty:0
Pearl and chrome assortment 2020,1194,955,Size:Single|qty:20
Baja bone shaker ,199,199,Size:Single|qty:10
Subaru brat,199,199,Size:Single|qty:9
Custom ford bronco,199,199,Size:Single|qty:10
Jeep scrambler,199,199,Size:Single|qty:2
American pickups,1990,1200,Size:Single|qty:0
Path beater,199,120,Size:Single|qty:23
15 ford f-150,199,120,Size:Single|qty:13
40 ford pickup,199,120,Size:Single|qty:21
49 ford f1,199,120,Size:Single|qty:24
70 dodge power wagon,199,120,Size:Single|qty:0
Ford big foot,699,699,Size:Single|qty:0
1970 dodge charger,5499,5499,Size:Single|qty:0
Ups volkswagen type 2 panel van,599,599,Size:Single|qty:3
1966 dodge d-100 ,999,899,Size:Single|qty:21
1970 chevrolet c-10 ,999,899,Size:Single|qty:15
2019 silverado and trailer,1199,1199,Size:Single|qty:14
Kenworth t2000 indianopolis motor speedway,2199,2199,Size:Single|qty:18
Kenworth t2000 amr indycar safety team,2199,2199,Size:Single|qty:17
2019 ford gt 2019 carbon series orange stripes,649,649,Size:Single|qty:0
1973 ford falcon xb custom,649,649,Size:Single|qty:33
1969 dodge charger daytona,649,649,Size:Single|qty:10
Bigfoot monster truck on gooseneck trailer,1399,1399,Size:Single|qty:1
1968 dodge charger ,649,649,Size:Single|qty:0
1955 cadillac fleetwood series 60,649,649,Size:Single|qty:15
1969 ford mustang boss 429,699,699,Size:Single|qty:0
1972 jeep cj-5 solid pack,599,599,Size:Single|qty:26
1977 pontiac lemans solid pack,599,599,Size:Single|qty:27
1967 chevrolet impala the a-team,599,599,Size:Single|qty:16
1983 gmc vandura,1999,1999,Size:Single|qty:5
Tokyo torque series 6,3594,3594,Size:Single|qty:0
1970 datusn 510 281 turn right racing,599,599,Size:Single|qty:2
2018 nissan titan xd pro 4x,599,599,Size:Single|qty:5
1973 datsun 510,599,599,Size:Single|qty:0
1971 nissan skyline 2000 gtr,599,599,Size:Single|qty:6
1972 datsun 240z,599,599,Size:Single|qty:1
2018 nissan titan xd pro 4x,599,599,Size:Single|qty:6
1972 ford f-100 with 1976 ford grand torino,1599,1599,Size:Single|qty:13
1972 ford f-100 with 1976 ford mustang ii cobra in enclosed hauler,1599,1599,Size:Single|qty:10
 1971 dodge challenger rt with 2018 ram 2500hauler,1599,1599,Size:Single|qty:11
1969 ford f-350 ramp truck,1299,1299,Size:Single|qty:6
International durastar fram box van,1299,1299,Size:Single|qty:10
International durastar goodyear flatbed,1299,1299,Size:Single|qty:9
2017 winnebago winnie drop 1710,599,599,Size:Single|qty:3
1965 winnebago 216 travel trailer,599,599,Size:Single|qty:2
1962 shasta airflyte,599,599,Size:Single|qty:0
1959 siesta travel trailer,599,599,Size:Single|qty:4
1959 catolac deville travel trailer,599,599,Size:Single|qty:0
1961 holiday house,599,599,Size:Single|qty:3
1977 ford bronco ranger,599,599,Size:Single|qty:0
1971 dodge challenger rt hemi,599,599,Size:Single|qty:0
1955 chevrolet nomad,599,599,Size:Single|qty:3
1977 ford f-100 explorer,599,599,Size:Single|qty:0
1958 plymouth fury golden commando,599,599,Size:Single|qty:0
1969 chevrolet yenko copo camaro,599,599,Size:Single|qty:0
2017 ford f-150,599,599,Size:Single|qty:0
1941 military 12 ton 4by4,599,599,Size:Single|qty:0
1955 chevrolet 150 sedan delivery ,599,599,Size:Single|qty:1
2001 nissan skyline gtr bnr34,599,599,Size:Single|qty:0
1939 chevrolet panel truck,599,599,Size:Single|qty:0
1969 volkswagen type 2 panel van,599,599,Size:Single|qty:0
1975 ford f-100 explorer with spare tyre,599,599,Size:Single|qty:41
1971 dodge challenger shakedown tribute wth driver,599,599,Size:Single|qty:42
1967 ford bronco with backpacker,599,599,Size:Single|qty:44
1968 chevrolet camaro rs ss with driver,599,599,Size:Single|qty:4
2013 dodge charger super bee with woman,599,599,Size:Single|qty:7
1969 volkwagen samba bus with gas pump,599,599,Size:Single|qty:0
1957 plymouth fury,649,649,Size:Single|qty:0
2019 chevrolet silverado ssv black bandit police,649,649,Size:Single|qty:8
1975 ford f-100,649,649,Size:Single|qty:3
1969 ford bronco,649,649,Size:Single|qty:5
1970 oldsmobile vista cruiser,649,649,Size:Single|qty:4
2018 nissan titan xd pro 4x,649,649,Size:Single|qty:11
1971 chevrolet c-10,599,599,Size:Single|qty:0
1967 pontiac gto convertible,599,599,Size:Single|qty:0
Jeep cj-7,599,599,Size:Single|qty:0
1958 plymouth fury solid pack,599,599,Size:Single|qty:26
1955 chevrolet two ten townsman,599,599,Size:Single|qty:0
1970 oldsmobile vista cruiser,599,599,Size:Single|qty:0
1955 chevrolet nomad,599,599,Size:Single|qty:4
1972 oldsmobile vista cruiser,599,599,Size:Single|qty:0
1970 oldsmobile vista cruiser,599,599,Size:Single|qty:6
2000 nissan skyline gtr bnr34,599,599,Size:Single|qty:24
Classic volkswagen beetle,649,649,Size:Single|qty:0
1972 datsun 510,649,649,Size:Single|qty:0
1974 datsun 260z,649,649,Size:Single|qty:0
1969 ford mustang mach 1,649,649,Size:Single|qty:0
1965 shelby gt350,649,649,Size:Single|qty:0
1967 chevrolet camaro ss,649,649,Size:Single|qty:0
Retro entertainment 2019,1995,1995,Size:Single|qty:4
Ford fiesta wrc,399,399,Size:Single|qty:4
Volkswagen polo r wrc,399,399,Size:Single|qty:0
Hundai i20 coupe wrc,399,399,Size:Single|qty:0
Citroen c3 wrc,399,399,Size:Single|qty:0
Nissan gt r shine,399,399,Size:Single|qty:9
Land rover defender 110 orange,399,399,Size:Single|qty:4
Ford mustang gt,399,399,Size:Single|qty:4
Land rover defender 110 military green,399,399,Size:Single|qty:0
Nissan gt r matte finish,399,399,Size:Single|qty:8
Ford mustang gt police,399,399,Size:Single|qty:10
Bone shaker,399,399,Size:Single|qty:5
Vw t1 majorette,399,399,Size:Single|qty:9
Ford mustang fastback 1967,399,399,Size:Single|qty:8
Porsche 934 vaillant ,399,399,Size:Single|qty:0
Vw beetle summer time,399,399,Size:Single|qty:12
Vw beetle racing,399,399,Size:Single|qty:12
Vw t1 food truck,399,399,Size:Single|qty:8
Volkwagen collection,1199,1199,Size:Single|qty:3
Mercedes amg gt giftpack,1199,1199,Size:Single|qty:3
Vintage giftpack,1199,1199,Size:Single|qty:3
Vision gran turismo,1099,1099,Size:Single|qty:4
92 ford mustang,120,120,Size:Single|qty:0
Tesla model 5,120,120,Size:Single|qty:10
Classic 55 nomad blu,120,120,Size:Single|qty:7
Land rover series iii pickup blue,120,120,Size:Single|qty:0
Forza horizon 4,1194,1194,Size:Single|qty:0
2016 bmw m2,120,120,Size:Single|qty:2
Cyber speeder,120,120,Size:Single|qty:0
Lamborghini reventon roadster grn,120,120,Size:Single|qty:0
16 lamborghini centenario roadster,120,120,Size:Single|qty:0
Lamborghini countach police car blue,120,120,Size:Single|qty:1
Back to future time machine- hover mode,120,120,Size:Single|qty:0
14 corvette stingray,120,120,Size:Single|qty:0
Lamborghini countach police car black,120,120,Size:Single|qty:0
Custom ford maverick,120,120,Size:Single|qty:6
Volkwagen golf gti,120,120,Size:Single|qty:0
Mclaren senna,120,120,Size:Single|qty:0
Kool kombi,120,120,Size:Single|qty:0
84\\\' audi sport quattro green,120,120,Size:Single|qty:8
Sharkruiser,120,120,Size:Single|qty:0
67 shelby gt-500,120,120,Size:Single|qty:15
Custom volkwagen beetle,120,120,Size:Single|qty:3
Custom 18 ford mustang gt blue,120,120,Size:Single|qty:0
Volkswagen sp2 red,120,120,Size:Single|qty:6
Mclaren senna orange col,120,120,Size:Single|qty:0
2018 honda civic type r,120,120,Size:Single|qty:12
Jackson storm,399,399,Size:Single|qty:5
Dinoco cruz ramirez,399,399,Size:Single|qty:5
Mcqueen with racing wheels,399,399,Size:Single|qty:0
Mater mate,399,399,Size:Single|qty:3
Cam spinner,399,399,Size:Single|qty:5
Nigel gearsley,399,399,Size:Single|qty:5
Geoterra,120,120,Size:Single|qty:5
Land rover series iii pickup red,120,120,Size:Single|qty:14
Circle tracker,120,120,Size:Single|qty:0
15 mercedes amg gt grey,120,120,Size:Single|qty:0
Porsche panamera turbo s,120,120,Size:Single|qty:0
Mercedes benz unimog 1300 red,120,120,Size:Single|qty:0
Marvel thor,299,299,Size:Single|qty:30
Marvel captain america,299,299,Size:Single|qty:10
Marvel wolverine,299,299,Size:Single|qty:6
Marvel mysterio,299,299,Size:Single|qty:27
Marvels spider man steel suit,299,299,Size:Single|qty:4
Volkswagon kafer racer black,120,120,Size:Single|qty:1
Batmobile grey,120,120,Size:Single|qty:1
69 dodge charger 500 blue,120,120,Size:Single|qty:2
Pagani huayra black,120,120,Size:Single|qty:0
Uss enterprise ncc 1701,120,120,Size:Single|qty:0
Batman the animated series,120,120,Size:Single|qty:0
Tv series batmobile grey,120,120,Size:Single|qty:9
The dark knight batmobile blue,120,120,Size:Single|qty:2
Mclaren 720s purple,120,120,Size:Single|qty:1
Volkswagon kafer racer yellow,120,120,Size:Single|qty:0
Pagani huayra brimbo red,120,120,Size:Single|qty:-1
Tv series batmobiles classic,120,120,Size:Single|qty:1
Batmobile blue,120,120,Size:Single|qty:0
Alpine a110 blue,120,120,Size:Single|qty:6
11 dodge charger rt black,120,120,Size:Single|qty:5
78 porsche 935-78,399,399,Size:Single|qty:0
76 greenwood corvette,399,320,Size:Single|qty:0
Nissan skyline silhouette,399,399,Size:Single|qty:0
69 ford mustang boss 302,399,399,Size:Single|qty:0
Nissan skyline 2000 gt-r black and white,120,120,Size:Single|qty:0
Mercedes benz unimog 1300 blue,120,120,Size:Single|qty:0
67 chevelle ss 396,120,120,Size:Single|qty:5
Ducati 1199 panigale,120,120,Size:Single|qty:0
2005 ford mustang,120,120,Size:Single|qty:0
Solnesar reflex,120,100,Size:Single|qty:20
71 porsche 911,120,120,Size:Single|qty:0
Volkwagen sp2 yellow,120,120,Size:Single|qty:6
90 honda civic ef,120,120,Size:Single|qty:0
Nissan skyline gtr bnr32 blue,120,120,Size:Single|qty:0
70 ford escort rs1600 wht,120,120,Size:Single|qty:0
71 mustang mach 1,120,120,Size:Single|qty:0
Nissan skyline gt bcnr33,120,120,Size:Single|qty:0
68 copo camaro,120,120,Size:Single|qty:2
16 mercedes amg gt3 blue,120,120,Size:Single|qty:0
64 nova wagon gasser blue,120,120,Size:Single|qty:7
67 jeepster commando,120,120,Size:Single|qty:0
69 corvette racer,120,120,Size:Single|qty:1
Vw polo r wrc,299,299,Size:Single|qty:0
Dodge challenger srt hellcat,299,299,Size:Single|qty:3
Porsche 911 gt3 rs,299,299,Size:Single|qty:0
Dodge challenger srt demon,299,299,Size:Single|qty:0
Ford raptor green,299,299,Size:Single|qty:4
Dacia duster andros racing,299,299,Size:Single|qty:1
Ford raptor white,299,299,Size:Single|qty:3
Land rover defender 110,299,299,Size:Single|qty:0
Renault alpine a110-50,299,299,Size:Single|qty:0
Audi a1 racing cars,299,299,Size:Single|qty:3
Mercedes-amg gt,299,299,Size:Single|qty:5
Subaru wrx sti,299,299,Size:Single|qty:6
Dodge challenger srt hellcat,299,299,Size:Single|qty:5
Honda cr z,299,299,Size:Single|qty:6
Citroen c4 cactus,299,299,Size:Single|qty:6
Nissan gtr,299,299,Size:Single|qty:5
Vw beetle gsr,299,299,Size:Single|qty:4
Vw golf gti racing,299,299,Size:Single|qty:4
Dodge challenger srt hellcat,299,299,Size:Single|qty:1
Chevrolet camaro,299,299,Size:Single|qty:6
Porsche 911 gtr3 rs,299,299,Size:Single|qty:3
Honda civic type r,299,299,Size:Single|qty:4
Mercedes amg gt,249,249,Size:Single|qty:0
Jaguar f type,249,249,Size:Single|qty:0
Cheverolet camaro,249,249,Size:Single|qty:1
Nissan gtr,249,249,Size:Single|qty:4
Dodge srt viper,249,249,Size:Single|qty:4
Ford f-150,249,249,Size:Single|qty:6
Subaru wrx sti,299,299,Size:Single|qty:0
Nissan concept 2020,299,299,Size:Single|qty:0
Opel adam r2,299,299,Size:Single|qty:1
Mistubishi concept car,299,299,Size:Single|qty:1
Renault alpine a110,299,299,Size:Single|qty:0
Ford mustang gt,299,299,Size:Single|qty:0
Honda civic type r,299,299,Size:Single|qty:0
Fast and furious 5pack with promo car,575,575,Size:Single|qty:5
Batman 5pack with promo batmobile,575,575,Size:Single|qty:11
Exotics 2019 5pack with promo batmobile,575,575,Size:Single|qty:0
Hw flames 2019 5pack with promo batmobile,575,575,Size:Single|qty:8
Mazda repu grey,120,120,Size:Single|qty:1
1978 dodge lil red express truck grey,120,120,Size:Single|qty:3
96 porche carrera white,120,120,Size:Single|qty:0
Quick bite blue,120,120,Size:Single|qty:25
Baja trucks blue,120,120,Size:Single|qty:5
Aston martin dbs black,120,120,Size:Single|qty:8
18 camaro ss green,120,120,Size:Single|qty:9
Morris mini blue,120,120,Size:Single|qty:20
Corvette grand sport,120,120,Size:Single|qty:5
Street tuners assortment,1995,1600,Size:Single|qty:0
Darth vader star wars,299,299,Size:Single|qty:3
V8 bomber monster trucks,299,299,Size:Single|qty:3
Spongebob squarepants,299,299,Size:Single|qty:5
Chewbacca star wars,299,299,Size:Single|qty:3
Bigfoot 4x4x4,299,299,Size:Single|qty:0
96 nissan 180sx type x,199,199,Size:Single|qty:14
Porsche 911 gt2 993,199,199,Size:Single|qty:0
Lamborghini veneno,199,199,Size:Single|qty:0
92 bmw m3 white,199,199,Size:Single|qty:0
10 ford shelby gt500 super snake,120,120,Size:Single|qty:6
Roborace roborace,120,120,Size:Single|qty:8
67 ford mustang coupe,120,120,Size:Single|qty:5
17 acura nsx,120,120,Size:Single|qty:0
Custom cadillac fleetwood green,120,120,Size:Single|qty:26
Scooby doo batmobile,120,120,Size:Single|qty:0
64 buick riviera,120,120,Size:Single|qty:16
18 copo camaro ss,120,120,Size:Single|qty:6
Nissan 300zx twin turbo red,120,120,Size:Single|qty:3
Mazda repu,120,120,Size:Single|qty:1
Volkswagen golf mk2,120,120,Size:Single|qty:3
Hw quarter mile muscle,1995,1799,Size:Single|qty:28
Custom 18 ford mustang gt wht,120,120,Size:Single|qty:8
Aston martin vulcan grn,120,120,Size:Single|qty:4
Classic 55 nomad red,120,120,Size:Single|qty:32
Porsche panamera,120,120,Size:Single|qty:17
Lamborghini reventon roadster wht,120,120,Size:Single|qty:0
65 mustang 2 plus 2 fastback,120,120,Size:Single|qty:43
Mod rod,120,120,Size:Single|qty:30
Tesla model 3 red,120,120,Size:Single|qty:17
Ford focus rs grey,120,120,Size:Single|qty:18
Honda s2000 street tuners,399,399,Size:Single|qty:3
Pandem subaru brz street tuners,399,399,Size:Single|qty:0
Nissan silvia s15 street tuners,399,399,Size:Single|qty:0
95 mazda rx-7 street tuners,399,399,Size:Single|qty:2
Srt viper gts-r blue,120,120,Size:Single|qty:0
68 mercury cougar ,120,120,Size:Single|qty:8
Tesla roadster with starman,120,120,Size:Single|qty:0
18 dodge challenger srt demon,120,120,Size:Single|qty:3
Volkswagon golf gti yellow,120,120,Size:Single|qty:1
Aisle driver,120,120,Size:Single|qty:5
Ford focus rs green,120,120,Size:Single|qty:3
57 chevy black,120,120,Size:Single|qty:0
83 chevy silverado,120,120,Size:Single|qty:0
17 audi rs 6 avant,120,120,Size:Single|qty:8
Nissan skyline gt r bnr32 wht,120,120,Size:Single|qty:0
Nissan skyline 2000 gtr red,120,120,Size:Single|qty:3
Rrroadster,120,100,Size:Single|qty:13
Fairlady 2000 yellow,120,120,Size:Single|qty:3
11 dodge charget rt blue,120,120,Size:Single|qty:8
64 chevy nova wagon,120,120,Size:Single|qty:7
Corvette c7 r,120,120,Size:Single|qty:8
Dodge challener drift car purple,120,120,Size:Single|qty:4
66 chevy nova,120,120,Size:Single|qty:1
1970 chevrolet chevelle ss,399,399,Size:Single|qty:16
67 chevrolet camaro,399,399,Size:Single|qty:3
69 ford mustang boss 302,399,399,Size:Single|qty:0
77 pontiac firebird ta,399,399,Size:Single|qty:7
Sports car series,1194,1194,Size:Single|qty:0
Bentley continental supersports,199,199,Size:Single|qty:0
Mclaren p1,199,199,Size:Single|qty:33
Porsche 934 turbo rsr,199,199,Size:Single|qty:17
Lamborghini huracan lp 620 2 super trofed,199,199,Size:Single|qty:2
2017 mustang gt with jl 64,9499,9499,Size:Single|qty:4
Silver screen christine,749,749,Size:Single|qty:9
"1963 dodge polara, light green",749,749,Size:Single|qty:0
1970 dodge challenger ta,749,749,Size:Single|qty:0
1965 buick riviera chase,1499,1499,Size:Single|qty:0
1965 pontiac catalina 2plus2,749,749,Size:Single|qty:0
1981 jeep wagoneer,749,749,Size:Single|qty:0
1967 ford fairlane 500 xl,749,749,Size:Single|qty:0
1972 ford maverick,749,749,Size:Single|qty:1
Import heat rally,1499,1499,Size:Single|qty:0
1965 buick riviera,749,749,Size:Single|qty:0
Off road,1499,1499,Size:Single|qty:0
Yenko limited edtions,1499,1499,Size:Single|qty:0
Gone fishing 1973 chevrolet caprice dark green,1499,1499,Size:Single|qty:7
Off roads limited edition,1499,1499,Size:Single|qty:0
Class of 1968,1499,1499,Size:Single|qty:0
Gone fishing 1973 chevrolet caprice with boat n trailer,1499,1499,Size:Single|qty:10
Gone fishing 1965 chevrolet truck cream,1499,1499,Size:Single|qty:7
1994 ford mustang chase,1499,1499,Size:Single|qty:0
1955 chrysler c- 300 black,749,749,Size:Single|qty:2
1994 ford mustang red,749,749,Size:Single|qty:5
1976 dodge aspen derby green,749,749,Size:Single|qty:3
1968 ford bronco brown,749,749,Size:Single|qty:4
1990 nissan 240sx custom dark silver,749,749,Size:Single|qty:1
1966 chevrolet nova ss,749,749,Size:Single|qty:0
1940 ford pickup truck,749,749,Size:Single|qty:0
1986 chevrolet el camino,749,749,Size:Single|qty:0
1971 plymouth barracuda,749,749,Size:Single|qty:0
1967 chevrolet chevelle ss,749,749,Size:Single|qty:0
1975 chevrolet van,749,749,Size:Single|qty:0
1964 pontiac grand prix,749,749,Size:Single|qty:0
1964 plymouth barracuda,749,749,Size:Single|qty:0
1975 pontiac firebird ta,749,749,Size:Single|qty:0
2015 ford mustang gt,749,749,Size:Single|qty:0
1964 plymouth barracuda chase,1899,1899,Size:Single|qty:0
1963 dodge polara 500 max wedge blue poly,749,749,Size:Single|qty:0
1967 cadillac eldorado baroque gold,749,749,Size:Single|qty:0
2012 ford mustang boss 302 yellow blaze mettalic,749,749,Size:Single|qty:0
Gulf 1959 ford f-250 pickup truck,749,749,Size:Single|qty:0
1977 amc pacer,749,749,Size:Single|qty:0
1970s chevy camaro funny car,749,749,Size:Single|qty:1
1960 chevrolet impala,749,749,Size:Single|qty:0
1968 plymouth road runner,749,749,Size:Single|qty:0
1973 plymouth cuda funny car,749,749,Size:Single|qty:2
Ww2 gmc cckw 2 and half ton 6 by 6 truck ,999,999,Size:Single|qty:0
Ww2 dodge wc57 command car,999,999,Size:Single|qty:0
Republic p-470 thunderbolt razorback,999,999,Size:Single|qty:3
North american p-510 mustang,999,999,Size:Single|qty:2
Ww2 willys mb jeep,999,999,Size:Single|qty:0
Ww2m4a3 sherman tank,999,999,Size:Single|qty:0
1972 ford mustang mach 1,749,749,Size:Single|qty:0
1966 chevy chevelle ss 396,749,749,Size:Single|qty:0
1959 cadillac ghostbusters,749,749,Size:Single|qty:4
Barris drag u la ,749,749,Size:Single|qty:10
1965 shelby daytona coupe,749,749,Size:Single|qty:0
1990 nissan 240sx custom bright orange,749,749,Size:Single|qty:2
1955 chrysler c-300 street freaks,749,749,Size:Single|qty:2
1968 ford bronco blue,749,749,Size:Single|qty:6
1976 dodge aspen demolition derby pink,749,749,Size:Single|qty:2
1994 ford mustang street freaks,749,749,Size:Single|qty:3
1966 volkswagen beetle,749,749,Size:Single|qty:0
1970 plymouth superbird,749,749,Size:Single|qty:0
2012 ford mustang boss 302 kona blue,749,749,Size:Single|qty:0
1966 chevy impala ss blue,749,749,Size:Single|qty:0
1976 buick estate wagon brown,749,749,Size:Single|qty:0
1963 dodge polara 500 max wedge ivory,749,749,Size:Single|qty:0
"1967 cadillac eldorado, summit gray ",749,749,Size:Single|qty:0
1976 buick estate wagon blue,749,749,Size:Single|qty:0
1962 chevy impala ss tuxedo black,749,749,Size:Single|qty:0
1962 chevy impala ss green,749,749,Size:Single|qty:0
1965 chevy el camino with parade float chase,3999,3999,Size:Single|qty:1
1950 chevy pickup with open car trailer chase,2999,2999,Size:Single|qty:1
1950 chevy pickup with open car trailer,1499,1499,Size:Single|qty:0
1964 ford ranchero with open car trailer,1499,1499,Size:Single|qty:4
Fast tuners,1995,1995,Size:Single|qty:19
Mario of super mario,349,349,Size:Single|qty:6
Luigi of super mario,349,349,Size:Single|qty:3
Yoshi of super mario,349,349,Size:Single|qty:3
Princess peach,349,349,Size:Single|qty:3
Bowser of super mario,349,349,Size:Single|qty:7
Toad of super mario,349,349,Size:Single|qty:2
Bigfoot 4x4x4 ,999,999,Size:Single|qty:0
Dodge charger rt 19,999,999,Size:Single|qty:2
Hotweiler hwpd k9,999,999,Size:Single|qty:1
Nissan skyline ht2000 gt-x sakura sprinter,1699,1699,Size:Single|qty:0
1965 shelby gt350 ,599,599,Size:Single|qty:12
1969 dodge charge daytona usps,599,599,Size:Single|qty:13
2009 chevy corvette c6r michelin tires,699,699,Size:Single|qty:12
1955 cadillac fleetwood series 60 special,649,649,Size:Single|qty:35
1983 gmc vandura custom white,649,649,Size:Single|qty:10
1967 ford mustang eleanor,6999,6999,Size:Single|qty:1
Duesenberg 2 sj - silver,6999,6999,Size:Single|qty:1
2019 ford gt heritage edition ,1999,1999,Size:Single|qty:18
1941 lincoln continental costwold grey metallic,1999,1999,Size:Single|qty:17
1967 ford mustang eleanor,1999,1999,Size:Single|qty:18
1955 cadillac fleetwood series 60 pink cadillac,2599,2599,Size:Single|qty:17
2019 mach anthem truck cab ups,1399,1399,Size:Single|qty:9
Mach lr refuse truck 2019 blue,1399,1399,Size:Single|qty:11
1972 chevrolet monte carlo,599,599,Size:Single|qty:0
1986 chevy caprice wilmette,599,599,Size:Single|qty:0
1981 chevrolet k-5 blazer,599,599,Size:Single|qty:1
1977 pontiac lemans,599,599,Size:Single|qty:7
1970 chevrolet chevelle,599,599,Size:Single|qty:5
1976 jeep cj-7,599,599,Size:Single|qty:0
2019 ford gt heritage edition,649,649,Size:Single|qty:0
2018 dodge charger pursuit,649,649,Size:Single|qty:18
2012 chevrolet copo camaro,649,649,Size:Single|qty:13
1968 plymouth hemi road runner,649,649,Size:Single|qty:0
1969 ford mustang boss 429,649,649,Size:Single|qty:0
1969 chevrolet copo camaro,649,649,Size:Single|qty:0
1955 chevrolet two ten townsman red with gas pump,599,599,Size:Single|qty:3
1969 nissan patrol with surf board,599,599,Size:Single|qty:0
1970 mercury cougar with woman in dress,599,599,Size:Single|qty:3
1970 datsun 510 4 door sedan orange with race car driver,599,599,Size:Single|qty:0
1978 checker motors marathon a11 taxi wgas pump,599,599,Size:Single|qty:0
2012 jeep wrangler unlimited mopar with backpacker,599,599,Size:Single|qty:0
1967 ford bronco doors removed teal,599,599,Size:Single|qty:9
1971 jeep cj 5 blue,599,599,Size:Single|qty:0
1978 dodge ramcharger top hand ,599,599,Size:Single|qty:0
1979 ford f-250 explorer white with orange stripes,599,599,Size:Single|qty:6
2017 chevrolet silverado rally 2 with with black stripes,599,599,Size:Single|qty:5
2018 nissan titan xd platinum,599,599,Size:Single|qty:2
Range rover velar gry,120,120,Size:Single|qty:0
16 bugatti chiron blue,120,120,Size:Single|qty:0
Hw sandivore ,120,100,Size:Single|qty:20
Piranha terror,120,100,Size:Single|qty:20
Rroborace robocar,120,100,Size:Single|qty:18
Hw kick kart,120,100,Size:Single|qty:20
Bot wheels ,120,100,Size:Single|qty:19
T rextroyer ,120,100,Size:Single|qty:20
Runway res-q,120,100,Size:Single|qty:7
Hw rapid responder,120,100,Size:Single|qty:12
Mazda rx 7,120,120,Size:Single|qty:14
Rig heat ,120,100,Size:Single|qty:19
Mach speeder,120,100,Size:Single|qty:18
Bogzilla ,120,100,Size:Single|qty:19
Audi rs 5 coupe,120,120,Size:Single|qty:0
Surf n turf,120,100,Size:Single|qty:5
Croc rod ,120,100,Size:Single|qty:20
Sky boat ,120,100,Size:Single|qty:20
Track ripper,120,100,Size:Single|qty:19
Olds 442 w 30,120,100,Size:Single|qty:15
Hw pursuit,120,100,Size:Single|qty:19
Corvette grand sport,120,100,Size:Single|qty:18
El viento ,120,100,Size:Single|qty:20
Rising heat,120,100,Size:Single|qty:20
1965 volkwagen type 3 squareback,649,649,Size:Single|qty:0
Classic --volkswagen beetle series 9,649,649,Size:Single|qty:10
1972 volkswagen type 2 double cab pickup ladder truck,649,649,Size:Single|qty:0
1976 volkswagen t2 type 2 double cab pick up,649,649,Size:Single|qty:0
1964 volkswagen samba bus,649,649,Size:Single|qty:0
1964 volkwagen panel van,649,649,Size:Single|qty:0
1967 ford mustang eleanor,649,649,Size:Single|qty:0
2015 ford shelby gt350r,649,649,Size:Single|qty:0
1970 mercury cougar eliminator 428 cj,649,649,Size:Single|qty:0
1965 lincoln continental,649,649,Size:Single|qty:0
1969 chevrolet k10,649,649,Size:Single|qty:0
1965 volkswagen type ii bus,649,649,Size:Single|qty:0
1981 jeep cj-7 custom,649,649,Size:Single|qty:0
1970 mercury cougar eliminator,649,649,Size:Single|qty:0
1968 chevrolet copo camaro,649,649,Size:Single|qty:2
2019 ford shelby gt350r,649,649,Size:Single|qty:0
1977 dodge ramcharger,599,599,Size:Single|qty:0
1988 chevrolet k5 blazer mi009,599,599,Size:Single|qty:3
1996 ford f-150 xlt,599,599,Size:Single|qty:0
1968 volkswagon type 2 double cab pick-up,599,599,Size:Single|qty:0
1973 ford f-100,599,599,Size:Single|qty:1
1955 cadillac fleetwood series 60,649,649,Size:Single|qty:0
1957 plymouth belvedere,649,649,Size:Single|qty:0
Volkswagen classic beetle,649,649,Size:Single|qty:4
1956 ford f-100 tow truck,649,649,Size:Single|qty:2
2012 jeep wrangler,649,649,Size:Single|qty:0
1969 ford mustang boss 429,649,649,Size:Single|qty:0
2018 chevrolet silverado 3500hd blue,649,649,Size:Single|qty:0
2019 ford f-350 lariat,649,649,Size:Single|qty:2
2018 ram 3500 laramie bully dog,649,649,Size:Single|qty:0
2018 ram 3500 laramie wht n blk,649,649,Size:Single|qty:0
2018 chevrolet silverado 3500hd black,649,649,Size:Single|qty:0
2018 ford f-350 lariat,649,649,Size:Single|qty:6
1957 plymouth belvedere,649,649,Size:Single|qty:5
2012 dodge challenger,649,649,Size:Single|qty:3
1995 modified monster truck,649,649,Size:Single|qty:5
Mail truck,649,649,Size:Single|qty:1
Classic -volkswagen beetle series 1,649,649,Size:Single|qty:3
1983 chevrolet monte carlo,649,649,Size:Single|qty:3
Lamborghini aventador j,120,120,Size:Single|qty:0
96 porsche carrera blue,120,120,Size:Single|qty:8
71 datsun 510 momo red,120,120,Size:Single|qty:0
67 jeepster commando offwhite,120,120,Size:Single|qty:0
69 dodge charger 500 black,120,120,Size:Single|qty:0
55 chevy bel air gasser,120,120,Size:Single|qty:0
 19 mercedes benz a class white,120,120,Size:Single|qty:0
50th anniversary favorites,3490,3490,Size:Single|qty:2
60\\\'s ford ecoline pickup,349,349,Size:Single|qty:66
71 amc javelin,349,349,Size:Single|qty:12
71 datsun bluebird 510 wagon,349,349,Size:Single|qty:47
Volkswagon t1 drag bus,349,349,Size:Single|qty:6
65 ford galaxie ,349,349,Size:Single|qty:2
69 camaro hotwheel,349,349,Size:Single|qty:29
55 chevy bel air gasser,349,349,Size:Single|qty:26
Royal enfield classic 350,1200,1080,Size:Single|qty:1
Royal enfield classic 350,1200,1080,Size:Single|qty:1
Royal enfield classic 500,1200,1080,Size:Single|qty:0
Royal enfield classic 350 ,1200,1080,Size:Single|qty:0
Beatles pop culture 2019 asst,1995,1995,Size:Single|qty:0
Custom gmc panel van,399,320,Size:Single|qty:0
Volkswagen t1 panel bus,399,399,Size:Single|qty:0
Quick d-livery,399,399,Size:Single|qty:0
Combat medic,399,399,Size:Single|qty:0
Deco delivery,399,399,Size:Single|qty:0
Batman justice league batmobile 124,2799,2799,Size:Single|qty:4
Batman 1966 classic batmobile 124,2799,2799,Size:Single|qty:3
Batman 1989 batmobile 124,2799,2799,Size:Single|qty:4
Batman 1995 batmobile 124,2799,2799,Size:Single|qty:4
Batman arkham knight batmobile 124,2799,2799,Size:Single|qty:4
Batman the dark knight batmobile 124,2799,2799,Size:Single|qty:4
Batman tumbler batmobile camo 124,2799,2799,Size:Single|qty:4
Batman animated series batmobile 124,2799,2799,Size:Single|qty:4
Batman 1966 classic batmobile ,799,799,Size:Single|qty:7
Batman 1989 batmobile 132,799,799,Size:Single|qty:8
Batman 1995 batmobile 132,799,799,Size:Single|qty:9
Batman arkham knight batmobile 132,799,799,Size:Single|qty:9
Batman the dark knight batmobile 132,799,799,Size:Single|qty:2
Batman justice league batmobile 132,799,799,Size:Single|qty:9
Batman animated series batmobile 132,799,799,Size:Single|qty:7
Batman rc justice league 1989 batmobile,3999,3999,Size:Single|qty:4
Knight rider kitt 132,799,649,Size:Single|qty:0
Ghostbuster ecto1 124,2999,2999,Size:Single|qty:4
Smokey and bandit 1977 pontiac firebird 124,2799,2799,Size:Single|qty:4
Fast and furious fast rewind asst,1995,1995,Size:Single|qty:0
Led zeppelin pop culture assortment,1995,1995,Size:Single|qty:3
67 austin mini van,399,399,Size:Single|qty:5
Haulin gas ,399,399,Size:Single|qty:13
Hotweels car culture door slammers,1995,1995,Size:Single|qty:38
Bmw 2002 ,399,399,Size:Single|qty:8
71 porsche 911,399,399,Size:Single|qty:22
Boulevard asst1,1995,1995,Size:Single|qty:0
2020 american steel asst,1990,1990,Size:Single|qty:7
95 mazda rx 7,120,120,Size:Single|qty:25
Octane green,120,120,Size:Single|qty:20
76 greenwood corvette,120,120,Size:Single|qty:28
Nissan skyline gtr bnr32 grey,120,120,Size:Single|qty:0
Batmobile silver,120,120,Size:Single|qty:19
98 subaru impreza 22b sti version,120,120,Size:Single|qty:0
Land rover series iii pickup grn,120,120,Size:Single|qty:0
18 copo camaro ss silver,120,120,Size:Single|qty:36
Indy 500 oval,120,120,Size:Single|qty:19
Road bandit,120,120,Size:Single|qty:4
Tooligan ,120,120,Size:Single|qty:5
85 honda city turbo ii,120,120,Size:Single|qty:24
Gotta go ,120,120,Size:Single|qty:5
69 chevelle ,120,120,Size:Single|qty:45
Chill mill,120,120,Size:Single|qty:5
Hw warp speeder,120,120,Size:Single|qty:5
Wheelie chair pink,120,120,Size:Single|qty:5
2005 ford mustang ,120,120,Size:Single|qty:43
Carbonator,120,120,Size:Single|qty:3
The haulinator,120,120,Size:Single|qty:3
Honda monkey 250,120,120,Size:Single|qty:0
Mercedes benz unimog 1300,120,120,Size:Single|qty:0
Ford gt 40,120,120,Size:Single|qty:0
2 jet z ,120,120,Size:Single|qty:0
Dodge viper srtio acr,120,120,Size:Single|qty:23
Hyper rocker,120,120,Size:Single|qty:5
Hw formula solar,120,120,Size:Single|qty:5
Hi-tech missile,120,120,Size:Single|qty:5
Power rocket,120,120,Size:Single|qty:5
Rv there yet,120,120,Size:Single|qty:0
Night shifter,120,120,Size:Single|qty:3
Pedal de metal,120,120,Size:Single|qty:5
Aero pod ,120,120,Size:Single|qty:5
89 porsche 944 turbo,120,120,Size:Single|qty:0
Sword warthog,120,120,Size:Single|qty:3
Diaper dragger,120,120,Size:Single|qty:5
Slide kick,120,120,Size:Single|qty:5
Roller toaster,120,120,Size:Single|qty:5
Snoopy ,120,120,Size:Single|qty:18
Cool one ,120,120,Size:Single|qty:5
Hw450f,120,120,Size:Single|qty:3
Custom 71 el camino,120,120,Size:Single|qty:9
Hw armored truck,120,120,Size:Single|qty:29
Jaguar xj220,120,120,Size:Single|qty:0
Justice league batmobile,120,120,Size:Single|qty:21
64 nova wagon gasser grey,120,120,Size:Single|qty:34
Fast gassin,120,120,Size:Single|qty:37
69 dodge charger blue,120,120,Size:Single|qty:31
Classic 55 nomad red,120,120,Size:Single|qty:37
Bubble matic,120,120,Size:Single|qty:15
Tomb up ,120,120,Size:Single|qty:19
Porsche 911 gt3 rs,120,120,Size:Single|qty:0
10 ford shelby gt500 super snake blk,120,120,Size:Single|qty:32
68 mercury cougar blk,120,120,Size:Single|qty:36
Twin mill gen -e,120,120,Size:Single|qty:5
Rockin santa sled,120,120,Size:Single|qty:2
The embosser,120,120,Size:Single|qty:0
Grass chomper,120,120,Size:Single|qty:0
Cruise bruiser,120,120,Size:Single|qty:5
8 crate hotwheel,120,120,Size:Single|qty:3
96 porsche carrera black,120,120,Size:Single|qty:0
Roborace robocar,120,120,Size:Single|qty:28
64 chevy impala,120,120,Size:Single|qty:7
68 chevy nova,120,120,Size:Single|qty:6
67 jeepster commando blue,120,120,Size:Single|qty:0
Rodger dodger,120,120,Size:Single|qty:35
Bmw k 1300 r,120,120,Size:Single|qty:0
Mercedes-benz g63 amg 6x6 yellow,1499,1499,Size:Single|qty:0
Mercedes benz g63 amg 6x6 green,1499,1499,Size:Single|qty:0
Mercedes benz g63 amg 6x6 red n black,1499,1499,Size:Single|qty:0
Mercedes benz g63 amg 6x6 white,1499,1499,Size:Single|qty:0
Suzuki jimny baby blue,1199,1199,Size:Single|qty:0
Suzuki jimny ,1199,1199,Size:Single|qty:0
Rwb 930 ducktail wing black,1999,1999,Size:Single|qty:0
Rwb 930 ducktail wing blue,1999,1999,Size:Single|qty:0
Rwb 930 ducktail wing yellow,1999,1999,Size:Single|qty:0
Toyota camry 2011,999,999,Size:Single|qty:4
Mclaren senna mira orange rhd,1249,1249,Size:Single|qty:0
Nissan gt-r r35 pink pig,1249,1249,Size:Single|qty:0
Mclaren senna victory grey,1249,1249,Size:Single|qty:0
5oth anniversary combo 1,698,698,Size:Single|qty:0
50th anniversary combo 2,698,698,Size:Single|qty:16
50th anniversary combo 3,698,698,Size:Single|qty:14
2018 jeep wrangler unlimited,1999,1999,Size:Single|qty:0
2017 jeep wrangler winter edition,1999,1999,Size:Single|qty:0
Bigfoot 1974 ford f-250 mijo exclusive,1299,1299,Size:Single|qty:0
1981 gmc k-2500,1499,1499,Size:Single|qty:0
2017 dodge charger daytona hemi,649,649,Size:Single|qty:0
1987 chevrolet caprice,649,649,Size:Single|qty:0
1975 ford torino,649,649,Size:Single|qty:0
2011 ford crown victoria,649,649,Size:Single|qty:0
1970 trans am plymouth barracuda- dan gurney,649,649,Size:Single|qty:0
98 alexander rossi,649,649,Size:Single|qty:0
63 pippa mann,649,649,Size:Single|qty:0
Monte carlo 90 datsun 510,649,649,Size:Single|qty:0
2018 chevrolet silverado 3500hd chase,1299,1299,Size:Single|qty:0
1979 ford f-250 explorer chase,1199,1199,Size:Single|qty:0
1967 ford bronco chase,1199,1199,Size:Single|qty:3
1995 modified monster truck chase,1299,1299,Size:Single|qty:0
2012 dodge challenger chase,1299,1299,Size:Single|qty:0
Ups volkswagen panel van chase,1199,1199,Size:Single|qty:0
1970 mercury cougar with women chase,1199,1199,Size:Single|qty:0
1971 dodge challender shakedown tribute with race car driver chase,1199,1199,Size:Single|qty:0
2012 chevrolet copo camaro chase,1299,1299,Size:Single|qty:0
1965 volkswagen type 2 bus chase,1299,1299,Size:Single|qty:0
2015 ford shelby gt350r chase,1299,1299,Size:Single|qty:0
1996 ford f150 xlt chase,1199,1199,Size:Single|qty:0
1988 chevrolet k5 blazer m1009 chase,1199,1199,Size:Single|qty:0
1958 plymouth fury chase,1199,1199,Size:Single|qty:0
2018 nissan titan xd pro-4x chase,1199,1199,Size:Single|qty:0
1969 ford mustang boss 429 chase,1298,1298,Size:Single|qty:0
1955 cadillac fleetwood series 60 special chase,1298,1298,Size:Single|qty:0
1983 gmc vandura chase,1298,1298,Size:Single|qty:0
1970 chevrolet c10 cheyenne with silver streak camper chase,1799,1799,Size:Single|qty:0
1966 dodge d100 with winnebago slide in camper chase,1799,1799,Size:Single|qty:0
1959 catolac deville travel trailer chase,1199,1199,Size:Single|qty:1
1965 winnebago 216 travel trailer chase,1199,1199,Size:Single|qty:1
2009 chevrolet corvette c6r chase,1399,1399,Size:Single|qty:0
1972 chevrolet monte carlo chase,1199,1199,Size:Single|qty:0
1978 checker motors marathon a11 with vintage gas pump chase,1199,1199,Size:Single|qty:0
1964 volkswagen panel van,1299,1299,Size:Single|qty:0
Mickey moucccse,349,349,Size:Single|qty:9
Larry wood 50yrs asst,1990,1200,Size:Single|qty:1
83 chevy silverado,199,120,Size:Single|qty:0
Custom 62 chevy pickup,199,120,Size:Single|qty:17
Dodge power wagon,199,120,Size:Single|qty:13
63 studebaker champ,199,120,Size:Single|qty:9
Custom 69 chevy pickup,199,120,Size:Single|qty:26
1976 volkswagen t2 type 2 double cab pickup chase,1299,1299,Size:Single|qty:0
1973 ford falcon xb chase,1299,1299,Size:Single|qty:0
1975 ford f-100 explorer with spare tires chase,1199,1199,Size:Single|qty:0
1977 pontiac lemans chase,1199,1199,Size:Single|qty:0
2018 nissan titan xd pro-4x chase,1199,1199,Size:Single|qty:0
1968 plymouth road runner hemi chase,1299,1299,Size:Single|qty:0
1967 ford bronco with backpacker chase,1199,1199,Size:Single|qty:2
1972 oldsmobile vista cruiser chase,1199,1199,Size:Single|qty:0
1955 chevrolet nomad chase,1199,1199,Size:Single|qty:0
2018 nissan titan xd pro-4x chase,1299,1299,Size:Single|qty:0
2015 ford mustang gt chase,1899,1899,Size:Single|qty:0
Wwii m4a3 sherman tank chase,1999,1999,Size:Single|qty:0
Barris drag u la chase,1499,1499,Size:Single|qty:0
George barris fireball 500 chase,1499,1499,Size:Single|qty:0
Off road chase,2999,2999,Size:Single|qty:0
1965 chevrolet truck with boat n trailer chase,2999,2999,Size:Single|qty:2
Smokey ,399,399,Size:Single|qty:0
Volkswagen t1 panel bus,399,399,Size:Single|qty:0
Bone shaker ,399,319,Size:Single|qty:54
83 chevy silverado 4x4,399,399,Size:Single|qty:25
67 camaro ,399,399,Size:Single|qty:50
Cloak and dagger,120,120,Size:Single|qty:5
Forward force,120,120,Size:Single|qty:5
Mod rod red,120,120,Size:Single|qty:20
Batman arkham asylum batmobile,120,120,Size:Single|qty:0
Range rover vellar black,120,120,Size:Single|qty:19
49 ford f1 green,120,120,Size:Single|qty:15
El viento red,120,120,Size:Single|qty:5
Fishd n chipd,120,120,Size:Single|qty:6
Rip rod red,120,120,Size:Single|qty:6
Aero pod x-raycers,120,120,Size:Single|qty:10
Nerve hammer,120,120,Size:Single|qty:5
Time attaxi,120,120,Size:Single|qty:3
Runway res-q green,120,120,Size:Single|qty:8
I-believe red,120,120,Size:Single|qty:9
Formula e gen 2 car black,120,120,Size:Single|qty:14
Tesla model 3 charcoal ,120,120,Size:Single|qty:26
69 chevelle chrome,120,120,Size:Single|qty:9
88 honda crx white,120,120,Size:Single|qty:32
Donut drifter,120,120,Size:Single|qty:5
Audi rs 5 coupe blue,120,120,Size:Single|qty:31
Speed drivers red,120,120,Size:Single|qty:5
Surf n turf yellow,120,120,Size:Single|qty:5
Ghostrider dodge charger,399,399,Size:Single|qty:21
Wind raider masters of universe,399,399,Size:Single|qty:19
"Thunder cats, thunder tank",399,399,Size:Single|qty:11
Kitt knightrider super mode,399,399,Size:Single|qty:13
Lotus espirit s1 james bond,399,399,Size:Single|qty:2
Volvo v60 wagon,499,499,Size:Single|qty:32
59 volkswagen microbus,499,499,Size:Single|qty:0
Mercedes benz g63 amg 6x6,499,499,Size:Single|qty:30
74 dodge challenger,499,499,Size:Single|qty:16
82 datsun 280zx,499,499,Size:Single|qty:33
Superfast 2020 mix 1,2495,2495,Size:Single|qty:5
80 porsche 911 turbo,299,299,Size:Single|qty:58
36 ford sedan custom,299,299,Size:Single|qty:60
2018 range rover vogue se,299,299,Size:Single|qty:142
Renault trezor concept,299,299,Size:Single|qty:168
2019 ford ranger,299,299,Size:Single|qty:166
Shredder ,349,349,Size:Single|qty:3
Donatello ,349,349,Size:Single|qty:3
Leonardo ,349,349,Size:Single|qty:10
Raphael ,349,349,Size:Single|qty:10
Michelangelo ,349,349,Size:Single|qty:11
164 2017 jeep wrangler unlimited falken tires,849,849,Size:Single|qty:0
Hot pursuit - 2017 ford police interceptor utility,849,849,Size:Single|qty:31
1986 fleetwood bounder rv,1699,1699,Size:Single|qty:24
1968 nissan patrol mt fuji blue,849,799,Size:Single|qty:0
1981 chevrolet k5 blazer burnt orange,849,849,Size:Single|qty:16
1987 gmc high sierra,849,849,Size:Single|qty:15
1992 ford f150 4 by 4 raven black,849,849,Size:Single|qty:17
2010 jeep wrangler unlimited mountain edition - rescue green,849,849,Size:Single|qty:0
2019 chevrolet silverado lt trail boss red hot,849,849,Size:Single|qty:18
1975 checker taxicab 164 scale,849,849,Size:Single|qty:7
1980 chevrolet caprice police,849,849,Size:Single|qty:16
1953 studebaker commander starliner ,849,849,Size:Single|qty:15
1970 ford bronco silver,849,849,Size:Single|qty:32
1982 gmc k 2500,849,849,Size:Single|qty:0
Michelin service center,2399,2399,Size:Single|qty:4
Waikiki beach summer bash,2399,2399,Size:Single|qty:8
Volkswagen panel van,849,849,Size:Single|qty:32
1970 plymouth road runner ,849,849,Size:Single|qty:35
2017 dodge charger daytona hemi pennzoil advertisement car,849,849,Size:Single|qty:37
1967 ford mustang coupe ski country special,849,849,Size:Single|qty:31
1966 shelby mustang gt350h 92 bp black with gold stripes,849,849,Size:Single|qty:29
1953 studebaker champion gulf oil,849,849,Size:Single|qty:22
1953 studebaker commander green,849,849,Size:Single|qty:0
1965 shelby gt350,849,799,Size:Single|qty:10
Classic volkswagen beetle,849,849,Size:Single|qty:8
1967 shelby 427 sc cobra roadster blue,849,849,Size:Single|qty:15
1968 ford icon bronco ,849,849,Size:Single|qty:5
1969 plymouth hemi gtx ,849,849,Size:Single|qty:10
1972 ford ranchero gt,849,849,Size:Single|qty:6
1991 chevrolet k5 blazer,849,849,Size:Single|qty:5
1972 checker marathon,849,849,Size:Single|qty:4
1971 volkswagen type 2 panel van,849,849,Size:Single|qty:5
1973 volkswagen type 2 westfalia campmobile- union 76,849,849,Size:Single|qty:0
1974 volkswagen golf gulf oil,849,849,Size:Single|qty:19
1975 volkswagen rabbit rallye green,849,849,Size:Single|qty:5
1976 vokswagen t2 type 2 double cab pick up with canopy,849,849,Size:Single|qty:1
"Classic vokswagen beetle - trollveggen, norway polis",849,849,Size:Single|qty:8
Bft - 1978 ford f-350 monster truck,899,899,Size:Single|qty:10
?? truk - 1977 ford f-250 monster truck,899,899,Size:Single|qty:8
Mudhog - 1979 ford f-250 monster truck,899,899,Size:Single|qty:10
Southern sunshine - 1981 chevrolet k20 silverado monster truck,899,899,Size:Single|qty:11
Excaliber - 1987 chevrolet k20 silverado monster truck,899,899,Size:Single|qty:8
Bigfoot 7 1996 ford f250 monster truck,899,899,Size:Single|qty:9
Bigfoot 1974 ford f-250 monster truck,16499,16499,Size:Single|qty:1
Bugatti divo matte ,4499,4499,Size:Single|qty:0
E case factory sealed,8640,6912,Size:Single|qty:0
1969 chevrolet camaro ss,849,849,Size:Single|qty:7
1972 amc javelin amx,849,849,Size:Single|qty:5
1978 ford mustang cobra,849,849,Size:Single|qty:0
1969 bre datsun 510 4-door sedan,849,849,Size:Single|qty:0
1972 ford ranchero ,849,849,Size:Single|qty:8
1970 plymouth hemi cuda,849,849,Size:Single|qty:4
1975 volkswagen rabbit with race car driver,799,799,Size:Single|qty:8
2015 jeep wrangler unlimited rubicon hard rock with backpacker,799,799,Size:Single|qty:31
1984 gmc 2500 high sierra with vintage gas pump,799,799,Size:Single|qty:11
1976 dodge coronet with woman in dress,799,799,Size:Single|qty:7
1986 chevrolet k5 blazer with spare tires,799,799,Size:Single|qty:7
1973 ford ranchero squire with surf boards,799,799,Size:Single|qty:10
Pearl and chrome 2020 assortment withe chase pc th,1393,1184,Size:Single|qty:6
55 chevy bel air gasser,199,170,Size:Single|qty:0
68 corvette - gas monkey garage,199,170,Size:Single|qty:16
Volkswagen t2 pickup,199,170,Size:Single|qty:17
1967 mercury cougar,849,849,Size:Single|qty:0
1972 volswagen type 2 panel van,849,849,Size:Single|qty:0
1957 plymouth savoy,849,849,Size:Single|qty:6
1983 gmc jimmy sierra classic,849,849,Size:Single|qty:4
1976 ford f-100,849,849,Size:Single|qty:43
1964 nissan petrol,849,849,Size:Single|qty:0
1982 gmc k-2500 chase,1698,1698,Size:Single|qty:0
1981 chevrolet k5 blazer chase,1698,1698,Size:Single|qty:3
1976 ford f-100 chase,1698,1698,Size:Single|qty:0
2017 dodge charger daytona hemi chase,1698,1698,Size:Single|qty:0
1966 shelby gt350h chase,1698,1698,Size:Single|qty:0
1971 chevrolet c-10 chase,1698,1698,Size:Single|qty:0
1967 ford mustang ski country special chase,1698,1698,Size:Single|qty:0
2017 jeep wrangler unlimited chase,1698,1698,Size:Single|qty:0
Volkswagen panel van chase,1698,1698,Size:Single|qty:0
2017 ford police interceptor utility chase,1698,1698,Size:Single|qty:1
Volkswagen panel van yr of rat chase,1698,1698,Size:Single|qty:0
1972 checker marathon chase,1698,1698,Size:Single|qty:4
1968 nissan patrol chase,1698,1698,Size:Single|qty:2
1996 ford f-250 bigfoot chase,1799,1799,Size:Single|qty:0
1986 fleetwood bounder chase,3398,3398,Size:Single|qty:2
1986 chevrolet k5 blazer with spare tires chase,1598,1598,Size:Single|qty:2
1973 ford ranchero squire with surf boards chase,1598,1598,Size:Single|qty:2
2015 jeep wrangler unlimited rubicon hard rock with backpacker chase,1598,1598,Size:Single|qty:0
1975 volkswagen rabbit chase,1698,1698,Size:Single|qty:0
Classic volkswagen beetle chase,1698,1698,Size:Single|qty:0
1976 volkswagen t2 type 2 double cab pickup chase,1698,1698,Size:Single|qty:0
1970 dodge challenger rt hemi chase,1698,1698,Size:Single|qty:0
1969 chevrolet camaro ss chase,1698,1698,Size:Single|qty:0
1983 gmc jimmy sierra classic chase,1698,1698,Size:Single|qty:1
1970 ford bronco chase,1698,1698,Size:Single|qty:0
1974 volkswagen golf chase,1698,1698,Size:Single|qty:0
2019 chevrolet silverado trail boss,1698,1698,Size:Single|qty:1
1953 studebaker commander 17 chase,1698,1698,Size:Single|qty:2
1953 studebaker champion chase,1698,1698,Size:Single|qty:0
1953 studebaker commander 205 chase,1698,1698,Size:Single|qty:4
1968 mercury cougar xr7 gt-e 428 cobra jet,849,849,Size:Single|qty:6
1971 plymouth hemi cuda,849,849,Size:Single|qty:14
1989 chevrolet caprice,849,849,Size:Single|qty:9
1974 volkswagen golf mk1,849,849,Size:Single|qty:4
1970 dodge challenger rt hemi,849,849,Size:Single|qty:13
2016 jeep wrangler unlimited,849,849,Size:Single|qty:0
2018 dodge durango,849,849,Size:Single|qty:11
1983 ford ltd station wagon,849,849,Size:Single|qty:3
1993 ford crown vicotoria police interceptor wht,849,849,Size:Single|qty:10
1993 ford crown victoria police interceptor blue,849,849,Size:Single|qty:11
1986 chevrolet caprice ,849,849,Size:Single|qty:12
2017 dodge charger,849,849,Size:Single|qty:14
Eleanor 73 custom movie star mustang,2499,2499,Size:Single|qty:20
1977 dodge b-100,849,849,Size:Single|qty:3
1955 chevrolet two-ten townsman,849,849,Size:Single|qty:6
1939 chevrolet panel truck,849,849,Size:Single|qty:0
1957 plymouth belvedere,849,849,Size:Single|qty:6
1972 voklswagen double cab pick up,849,849,Size:Single|qty:4
1956 ford f-100,849,849,Size:Single|qty:6
2017 jeep wrangler unlimited,849,849,Size:Single|qty:0
1976 volkswagen golf mk1,849,849,Size:Single|qty:9
2020 ford police interceptor utility black bandit police,849,849,Size:Single|qty:10
1980 chevrolet caprice black bandit police,849,849,Size:Single|qty:11
1972 ford ranchero,849,849,Size:Single|qty:14
1970 datsun 510,849,849,Size:Single|qty:9
2018 international work star tanker truck,1699,1699,Size:Single|qty:14
2019 mack granite cement mixer,1699,1699,Size:Single|qty:14
2019 mack lr refuse new york city department of sanitation,1699,1699,Size:Single|qty:12
Mazda rx-7 fd ,399,399,Size:Single|qty:34
Nissan silvia s15,399,399,Size:Single|qty:27
2016 subaru wrx sti,399,399,Size:Single|qty:25
Honda civic eg,399,399,Size:Single|qty:0
Nissan 240sx s14,399,399,Size:Single|qty:26
Pierce velocity aerial platform fire truck,499,499,Size:Single|qty:68
International workstar street cleaner,499,499,Size:Single|qty:95
International workstar 7500 dump truck,499,499,Size:Single|qty:95
2019 chevrolet silverado with 1969 chevrolet camaro ss and car hauler,1999,1999,Size:Single|qty:6
1977 pontiac lemans safari and 1977 pontiac lemans enclosed car hauler,1999,1999,Size:Single|qty:7
RED BULL RACING TAG HEUER RB 13,5995,5995,_empty_:|qty:
LAMBORGHINI AVENTADOR LP 700-4,3999,3999,_empty_:|qty:
MERCEDES F1 WO7 HYBRID,5995,5995,_empty_:|qty:
BARBIE DREAMHOUSE,19999,19999,_empty_:|qty:
BUGATTI TYPE 59 1934 ,3799,3799,_empty_:|qty:
RANGE ROVER SPORT,3799,3799,_empty_:|qty:
LAMBORGHINI URUS,3999,3999,_empty_:|qty:
BUGATTI CHIRON SPORT,3999,3999,_empty_:|qty:
TESLA SEMI AND BOX TRAILER,799,799,Size:Single|qty:19
LONESTAR CAB AND BOX TRAILER,799,799,Size:Single|qty:40
MBX CABOVER AND TANKER,799,799,Size:Single|qty:40
FORD CARGO AND LOGGER BED,799,799,Size:Single|qty:20
JAPAN HISTORICS 3,1995,1995,Size:Single|qty:73
2014 RANGE ROVER EVOQUE,149,149,Size:Single|qty:52
85 PORSCHE 911 RALLY,149,149,Size:Single|qty:89
RAM WORK TRUCK,149,149,Size:Single|qty:89
GARBAGE KING,149,149,Size:Single|qty:45
MBX FLATBED KING,149,149,Size:Single|qty:9
2015 MERCEDES - BENZ G 550,149,149,Size:Single|qty:15
59 DODGE CORONET POLICE CAR,149,149,Size:Single|qty:12
76 HONDA CVCC,149,149,Size:Single|qty:61
1935 FORD PICKUP,149,149,Size:Single|qty:29
FORD F-550 SUPERDUTY,149,149,Size:Single|qty:90
CROP MASTER ,149,149,Size:Single|qty:89
POLARIS RZR,149,149,Size:Single|qty:89
95 NISSAN HARDBODY D21,149,149,Size:Single|qty:51
63 AUSTIN HEALEY ROADSTER,149,149,Size:Single|qty:45
AUDI R8 GREY,149,149,Size:Single|qty:49
2018 FORD MUSTANG CONVERTIBLE,149,149,Size:Single|qty:84
VOLKSWAGEN THE BEETLE CONVERTIBLE,149,149,Size:Single|qty:86
75 DATSUN SUNNY TRUCK B120,399,399,Size:Single|qty:21
68 MAZDA COSMO SPORT,399,399,Size:Single|qty:22
NISSAN SKYLINE RS KDR30,399,399,Size:Single|qty:13
85 HONDA CITY TURBO II,399,399,Size:Single|qty:29
NISSAN SILVIA CSP311,399,399,Size:Single|qty:24
2014 MERCEDES-BENZ G 550,149,149,Size:Single|qty:25
DEEP DIVE SUBMARINE,149,149,Size:Single|qty:16
ARMORED ACTION TRUCK,149,149,Size:Single|qty:12
GYROSPHERE,149,149,Size:Single|qty:20
10 TEXTRON TIGER,149,149,Size:Single|qty:10
SUBARU IMPREZA WRX,399,399,Size:Single|qty:9
PIZZA PLANET TRUCK,399,399,Size:Single|qty:22
ASTON MARTIN DB10,399,399,Size:Single|qty:3
DEADPOOL ICE CREAM TRUCK,399,399,Size:Single|qty:39
1970 DATSUN 510,1699,1699,Size:Single|qty:2
1980 CHEVROLET CAPRICE BLACK BANDIT POLICE,1699,1699,Size:Single|qty:2
2018 DODGE DURANGO,1699,1699,Size:Single|qty:2
1939 CHEVROLET PANEL TRUCK,1699,1699,Size:Single|qty:2
1986 CHEVROLET CAPRICE,1699,1699,Size:Single|qty:1
1993 FORD CROWN VICTORIA POLICE INTERCEPTOR CHASE,1699,1699,Size:Single|qty:1
1989 CHEVROLET CAPRICE CHASE,1699,1699,Size:Single|qty:1
1968 MERCURY COUGAR XR7 GT-E 428 COBRA JET CHASE,1699,1699,Size:Single|qty:1
